Year,Trade Flow,Reporter,exportLat,exportLong,Partner,importLat,importLong,Commodity,Qty Unit,Qty,Netweight (kg),Trade Value (US$)
2016,Import,USA,37.09024,-95.712891,Mexico,23.634501,-102.55278,"Waste, parings and scrap, of plastics",Weight in kilograms,182653637,182653637,92733442
2016,Export,USA,37.09024,-95.712891,Canada,56.130366,-106.34677,"Waste, parings and scrap, of plastics",Weight in kilograms,168980652,168980652,75721251
2016,Import,USA,37.09024,-95.712891,Canada,56.130366,-106.34677,"Waste, parings and scrap, of plastics",Weight in kilograms,106311099,106311099,50135205
2016,Export,USA,37.09024,-95.712891,India,20.593684,78.96288,"Waste, parings and scrap, of plastics",Weight in kilograms,91913349,91913349,49643864
2016,Export,USA,37.09024,-95.712891,Viet Nam,14.058324,108.277199,"Waste, parings and scrap, of plastics",Weight in kilograms,66747307,66747307,19998550
2016,Export,USA,37.09024,-95.712891,Malaysia,4.210484,101.975766,"Waste, parings and scrap, of plastics",Weight in kilograms,38797070,38797070,8030315
2016,Export,USA,37.09024,-95.712891,Indonesia,-0.789275,113.921327,"Waste, parings and scrap, of plastics",Weight in kilograms,34521369,34521369,10524169
2016,Export,USA,37.09024,-95.712891,Mexico,23.634501,-102.55278,"Waste, parings and scrap, of plastics",Weight in kilograms,32830410,32830410,22607377
2016,Import,USA,37.09024,-95.712891,Honduras,15.199999,-86.241905,"Waste, parings and scrap, of plastics",Weight in kilograms,14369944,14369944,11358985
2016,Import,USA,37.09024,-95.712891,Germany,51.165691,10.451526,"Waste, parings and scrap, of plastics",Weight in kilograms,13717070,13717070,6826694
2016,Import,USA,37.09024,-95.712891,China,35.86166,104.195397,"Waste, parings and scrap, of plastics",Weight in kilograms,10695197,10695197,9497885
2016,Import,USA,37.09024,-95.712891,Ecuador,-1.831239,-78.183406,"Waste, parings and scrap, of plastics",Weight in kilograms,10633338,10633338,6503352
2016,Import,USA,37.09024,-95.712891,Dominican Rep.,18.735693,-70.162651,"Waste, parings and scrap, of plastics",Weight in kilograms,10030748,10030748,6553672
2016,Import,USA,37.09024,-95.712891,Italy,41.87194,12.56738,"Waste, parings and scrap, of plastics",Weight in kilograms,7936010,7936010,4808139
2016,Export,USA,37.09024,-95.712891,Turkey,38.963745,35.243322,"Waste, parings and scrap, of plastics",Weight in kilograms,6605591,6605591,1954363
2016,Export,USA,37.09024,-95.712891,Thailand,15.870032,100.992541,"Waste, parings and scrap, of plastics",Weight in kilograms,6541149,6541149,1434617
2016,Export,USA,37.09024,-95.712891,El Salvador,13.794185,-88.89653,"Waste, parings and scrap, of plastics",Weight in kilograms,5340931,5340931,4585134
2016,Import,USA,37.09024,-95.712891,Denmark,56.26392,9.501785,"Waste, parings and scrap, of plastics",Weight in kilograms,4204329,4204329,2406552
2016,Import,USA,37.09024,-95.712891,Nigeria,9.081999,8.675277,"Waste, parings and scrap, of plastics",Weight in kilograms,4171330,4171330,2641969
2016,Import,USA,37.09024,-95.712891,Venezuela,6.42375,-66.58973,"Waste, parings and scrap, of plastics",Weight in kilograms,4027366,4027366,2046309
2016,Export,USA,37.09024,-95.712891,Rep. of Korea,36.12529,127.66382,"Waste, parings and scrap, of plastics",Weight in kilograms,3769385,3769385,1778191
2016,Import,USA,37.09024,-95.712891,Japan,36.204824,138.252924,"Waste, parings and scrap, of plastics",Weight in kilograms,3719877,3719877,7924798
2016,Import,USA,37.09024,-95.712891,Belgium,50.503887,4.469936,"Waste, parings and scrap, of plastics",Weight in kilograms,3534261,3534261,1908306
2016,Import,USA,37.09024,-95.712891,Peru,-9.189967,-75.015152,"Waste, parings and scrap, of plastics",Weight in kilograms,3471441,3471441,2295380
2016,Import,USA,37.09024,-95.712891,Nicaragua,12.865416,-85.207229,"Waste, parings and scrap, of plastics",Weight in kilograms,2932368,2932368,1799397
2016,Export,USA,37.09024,-95.712891,Guatemala,15.783471,-90.230759,"Waste, parings and scrap, of plastics",Weight in kilograms,2859298,2859298,2171809
2016,Export,USA,37.09024,-95.712891,Spain,40.463667,-3.74922,"Waste, parings and scrap, of plastics",Weight in kilograms,2792137,2792137,2269687
2016,Import,USA,37.09024,-95.712891,Spain,40.463667,-3.74922,"Waste, parings and scrap, of plastics",Weight in kilograms,2637633,2637633,2095161
2016,Import,USA,37.09024,-95.712891,Brazil,-14.235004,-51.92528,"Waste, parings and scrap, of plastics",Weight in kilograms,2594981,2594981,1969706
2016,Import,USA,37.09024,-95.712891,France,46.227638,2.213749,"Waste, parings and scrap, of plastics",Weight in kilograms,2378429,2378429,1165827
2016,Import,USA,37.09024,-95.712891,Viet Nam,14.058324,108.277199,"Waste, parings and scrap, of plastics",Weight in kilograms,2289506,2289506,817586
2016,Import,USA,37.09024,-95.712891,Thailand,15.870032,100.992541,"Waste, parings and scrap, of plastics",Weight in kilograms,2242183,2242183,1747122
2016,Export,USA,37.09024,-95.712891,Japan,36.204824,138.252924,"Waste, parings and scrap, of plastics",Weight in kilograms,2199103,2199103,990480
2016,Export,USA,37.09024,-95.712891,Australia,-25.274398,133.775136,"Waste, parings and scrap, of plastics",Weight in kilograms,2036738,2036738,5402783
2016,Import,USA,37.09024,-95.712891,Portugal,39.399872,-8.224454,"Waste, parings and scrap, of plastics",Weight in kilograms,1907597,1907597,953567
2016,Import,USA,37.09024,-95.712891,Netherlands,52.132633,5.291266,"Waste, parings and scrap, of plastics",Weight in kilograms,1860418,1860418,859137
2016,Export,USA,37.09024,-95.712891,Dominican Rep.,18.735693,-70.162651,"Waste, parings and scrap, of plastics",Weight in kilograms,1762082,1762082,2941193
2016,Export,USA,37.09024,-95.712891,Colombia,4.570868,-74.297333,"Waste, parings and scrap, of plastics",Weight in kilograms,1730625,1730625,1421670
2016,Export,USA,37.09024,-95.712891,Pakistan,30.375321,69.345116,"Waste, parings and scrap, of plastics",Weight in kilograms,1640484,1640484,870760
2016,Import,USA,37.09024,-95.712891,Rep. of Korea,36.12529,127.66382,"Waste, parings and scrap, of plastics",Weight in kilograms,1572539,1572539,871890
2016,Import,USA,37.09024,-95.712891,Austria,47.516231,14.550072,"Waste, parings and scrap, of plastics",Weight in kilograms,1371089,1371089,643037
2016,Export,USA,37.09024,-95.712891,Bangladesh,23.684994,90.356331,"Waste, parings and scrap, of plastics",Weight in kilograms,1370246,1370246,562085
2016,Import,USA,37.09024,-95.712891,Sweden,60.128161,18.643501,"Waste, parings and scrap, of plastics",Weight in kilograms,1327301,1327301,509082
2016,Import,USA,37.09024,-95.712891,Indonesia,-0.789275,113.921327,"Waste, parings and scrap, of plastics",Weight in kilograms,1245193,1245193,779856
2016,Export,USA,37.09024,-95.712891,Belgium,50.503887,4.469936,"Waste, parings and scrap, of plastics",Weight in kilograms,1220136,1220136,4563027
2016,Import,USA,37.09024,-95.712891,Poland,51.919438,19.145136,"Waste, parings and scrap, of plastics",Weight in kilograms,1170119,1170119,575871
2016,Import,USA,37.09024,-95.712891,Argentina,-38.416097,-63.616672,"Waste, parings and scrap, of plastics",Weight in kilograms,1110580,1110580,709075
2016,Import,USA,37.09024,-95.712891,Guatemala,15.783471,-90.230759,"Waste, parings and scrap, of plastics",Weight in kilograms,1050732,1050732,652570
2016,Import,USA,37.09024,-95.712891,Haiti,18.971187,-72.285215,"Waste, parings and scrap, of plastics",Weight in kilograms,880749,880749,603814
2016,Import,USA,37.09024,-95.712891,Costa Rica,9.748917,-83.753428,"Waste, parings and scrap, of plastics",Weight in kilograms,826900,826900,469984
2016,Re-Export,USA,37.09024,-95.712891,Mexico,23.634501,-102.55278,"Waste, parings and scrap, of plastics",Weight in kilograms,825327,825327,1493054
2016,Export,USA,37.09024,-95.712891,Nigeria,9.081999,8.675277,"Waste, parings and scrap, of plastics",Weight in kilograms,796721,796721,433726
2016,Import,USA,37.09024,-95.712891,Bolivia (Plurinational State of),-16.290154,-63.588653,"Waste, parings and scrap, of plastics",Weight in kilograms,781764,781764,551726
2016,Import,USA,37.09024,-95.712891,United Kingdom,55.378051,-3.435973,"Waste, parings and scrap, of plastics",Weight in kilograms,745685,745685,458995
2016,Export,USA,37.09024,-95.712891,Germany,51.165691,10.451526,"Waste, parings and scrap, of plastics",Weight in kilograms,707568,707568,654646
2016,Export,USA,37.09024,-95.712891,Honduras,15.199999,-86.241905,"Waste, parings and scrap, of plastics",Weight in kilograms,704546,704546,987836
2016,Import,USA,37.09024,-95.712891,Malaysia,4.210484,101.975766,"Waste, parings and scrap, of plastics",Weight in kilograms,693045,693045,421685
2016,Import,USA,37.09024,-95.712891,Paraguay,-23.442503,-58.443832,"Waste, parings and scrap, of plastics",Weight in kilograms,686236,686236,519575
2016,Import,USA,37.09024,-95.712891,Turkey,38.963745,35.243322,"Waste, parings and scrap, of plastics",Weight in kilograms,679559,679559,290416
2016,Import,USA,37.09024,-95.712891,Panama,8.537981,-80.782127,"Waste, parings and scrap, of plastics",Weight in kilograms,678291,678291,575738
2016,Import,USA,37.09024,-95.712891,Romania,45.943161,24.96676,"Waste, parings and scrap, of plastics",Weight in kilograms,640980,640980,178630
2016,Import,USA,37.09024,-95.712891,India,20.593684,78.96288,"Waste, parings and scrap, of plastics",Weight in kilograms,549040,549040,760773
2016,Export,USA,37.09024,-95.712891,Netherlands,52.132633,5.291266,"Waste, parings and scrap, of plastics",Weight in kilograms,448336,448336,465630
2016,Import,USA,37.09024,-95.712891,Greece,39.074208,21.824312,"Waste, parings and scrap, of plastics",Weight in kilograms,430948,430948,186852
2016,Export,USA,37.09024,-95.712891,Switzerland,46.818188,8.227512,"Waste, parings and scrap, of plastics",Weight in kilograms,430715,430715,213317
2016,Export,USA,37.09024,-95.712891,Costa Rica,9.748917,-83.753428,"Waste, parings and scrap, of plastics",Weight in kilograms,377277,377277,320472
2016,Export,USA,37.09024,-95.712891,Peru,-9.189967,-75.015152,"Waste, parings and scrap, of plastics",Weight in kilograms,345661,345661,159795
2016,Import,USA,37.09024,-95.712891,El Salvador,13.794185,-88.89653,"Waste, parings and scrap, of plastics",Weight in kilograms,296637,296637,168404
2016,Export,USA,37.09024,-95.712891,Ecuador,-1.831239,-78.183406,"Waste, parings and scrap, of plastics",Weight in kilograms,230869,230869,105135
2016,Export,USA,37.09024,-95.712891,Greece,39.074208,21.824312,"Waste, parings and scrap, of plastics",Weight in kilograms,221870,221870,105230
2016,Import,USA,37.09024,-95.712891,Jamaica,18.109581,-77.297508,"Waste, parings and scrap, of plastics",Weight in kilograms,205939,205939,101690
2016,Import,USA,37.09024,-95.712891,Trinidad and Tobago,10.691803,-61.222503,"Waste, parings and scrap, of plastics",Weight in kilograms,199424,199424,84492
2016,Export,USA,37.09024,-95.712891,Chile,-35.675147,-71.542969,"Waste, parings and scrap, of plastics",Weight in kilograms,193979,193979,316791
2016,Import,USA,37.09024,-95.712891,Australia,-25.274398,133.775136,"Waste, parings and scrap, of plastics",Weight in kilograms,164485,164485,257670
2016,Import,USA,37.09024,-95.712891,Israel,31.046051,34.851612,"Waste, parings and scrap, of plastics",Weight in kilograms,158799,158799,167206
2016,Export,USA,37.09024,-95.712891,Sweden,60.128161,18.643501,"Waste, parings and scrap, of plastics",Weight in kilograms,154190,154190,315128
2016,Import,USA,37.09024,-95.712891,Belize,17.189877,-88.49765,"Waste, parings and scrap, of plastics",Weight in kilograms,153245,153245,27911
2016,Export,USA,37.09024,-95.712891,Israel,31.046051,34.851612,"Waste, parings and scrap, of plastics",Weight in kilograms,149326,149326,196783
2016,Import,USA,37.09024,-95.712891,Colombia,4.570868,-74.297333,"Waste, parings and scrap, of plastics",Weight in kilograms,143929,143929,245327
2016,Export,USA,37.09024,-95.712891,Italy,41.87194,12.56738,"Waste, parings and scrap, of plastics",Weight in kilograms,141809,141809,259816
2016,Import,USA,37.09024,-95.712891,Barbados,13.193887,-59.543198,"Waste, parings and scrap, of plastics",Weight in kilograms,132198,132198,57931
2016,Import,USA,37.09024,-95.712891,Ireland,53.1423672,-7.6920536,"Waste, parings and scrap, of plastics",Weight in kilograms,129443,129443,118079
2016,Import,USA,37.09024,-95.712891,Bahamas,25.03428,-77.39628,"Waste, parings and scrap, of plastics",Weight in kilograms,128501,128501,66373
2016,Export,USA,37.09024,-95.712891,Hungary,47.162494,19.5033041,"Waste, parings and scrap, of plastics",Weight in kilograms,119214,119214,41255
2016,Import,USA,37.09024,-95.712891,Ukraine,48.379433,31.1655799,"Waste, parings and scrap, of plastics",Weight in kilograms,115605,115605,57475
2016,Import,USA,37.09024,-95.712891,Russian Federation,61.52401,105.318756,"Waste, parings and scrap, of plastics",Weight in kilograms,110414,110414,98449
2016,Export,USA,37.09024,-95.712891,Czechia,49.817492,15.472962,"Waste, parings and scrap, of plastics",Weight in kilograms,108555,108555,173395
2016,Import,USA,37.09024,-95.712891,Saudi Arabia,23.885942,45.079162,"Waste, parings and scrap, of plastics",Weight in kilograms,100000,100000,54253
2016,Import,USA,37.09024,-95.712891,Slovenia,46.151241,14.995463,"Waste, parings and scrap, of plastics",Weight in kilograms,97569,97569,52739
2016,Export,USA,37.09024,-95.712891,Nicaragua,12.865416,-85.207229,"Waste, parings and scrap, of plastics",Weight in kilograms,87862,87862,196737
2016,Import,USA,37.09024,-95.712891,Chile,-35.675147,-71.542969,"Waste, parings and scrap, of plastics",Weight in kilograms,85385,85385,84055
2016,Import,USA,37.09024,-95.712891,Morocco,31.791702,-7.09262,"Waste, parings and scrap, of plastics",Weight in kilograms,80880,80880,43675
2016,Import,USA,37.09024,-95.712891,Finland,61.92411,25.7481511,"Waste, parings and scrap, of plastics",Weight in kilograms,70854,70854,65500
2016,Export,USA,37.09024,-95.712891,Cayman Isds,19.3133,-81.2546,"Waste, parings and scrap, of plastics",Weight in kilograms,70193,70193,375517
2016,Export,USA,37.09024,-95.712891,Brazil,-14.235004,-51.92528,"Waste, parings and scrap, of plastics",Weight in kilograms,68023,68023,85258
2016,Export,USA,37.09024,-95.712891,Saudi Arabia,23.885942,45.079162,"Waste, parings and scrap, of plastics",Weight in kilograms,67899,67899,38913
2016,Import,USA,37.09024,-95.712891,Switzerland,46.818188,8.227512,"Waste, parings and scrap, of plastics",Weight in kilograms,63414,63414,353836
2016,Export,USA,37.09024,-95.712891,Heard Island and McDonald Islands,-53.08181,73.504158,"Waste, parings and scrap, of plastics",Weight in kilograms,57000,57000,15000
2016,Export,USA,37.09024,-95.712891,Georgia,41.79443,44.76023,"Waste, parings and scrap, of plastics",Weight in kilograms,55161,55161,34454
2016,Export,USA,37.09024,-95.712891,Austria,47.516231,14.550072,"Waste, parings and scrap, of plastics",Weight in kilograms,49119,49119,23810
2016,Export,USA,37.09024,-95.712891,United Arab Emirates,23.424076,53.847818,"Waste, parings and scrap, of plastics",Weight in kilograms,48693,48693,47347
2016,Import,USA,37.09024,-95.712891,Oman,21.4735329,55.975413,"Waste, parings and scrap, of plastics",Weight in kilograms,47772,47772,36263
2016,Import,USA,37.09024,-95.712891,Iraq,33.223191,43.679291,"Waste, parings and scrap, of plastics",Weight in kilograms,43200,43200,26000
2016,Import,USA,37.09024,-95.712891,United Arab Emirates,23.424076,53.847818,"Waste, parings and scrap, of plastics",Weight in kilograms,41968,41968,23228
2016,Export,USA,37.09024,-95.712891,Myanmar,21.916221,95.955974,"Waste, parings and scrap, of plastics",Weight in kilograms,41241,41241,19540
2016,Export,USA,37.09024,-95.712891,Uruguay,-32.522779,-55.765835,"Waste, parings and scrap, of plastics",Weight in kilograms,40709,40709,28960
2016,Re-Export,USA,37.09024,-95.712891,Guatemala,15.783471,-90.230759,"Waste, parings and scrap, of plastics",Weight in kilograms,40000,40000,32720
2016,Export,USA,37.09024,-95.712891,Holy See (Vatican City State),41.902916,12.453389,"Waste, parings and scrap, of plastics",Weight in kilograms,37946,37946,10000
2016,Export,USA,37.09024,-95.712891,Bolivia (Plurinational State of),-16.290154,-63.588653,"Waste, parings and scrap, of plastics",Weight in kilograms,36826,36826,15145
2016,Import,USA,37.09024,-95.712891,Cayman Isds,19.3133,-81.2546,"Waste, parings and scrap, of plastics",Weight in kilograms,34810,34810,12711
2016,Import,USA,37.09024,-95.712891,Bangladesh,23.684994,90.356331,"Waste, parings and scrap, of plastics",Weight in kilograms,34314,34314,11500
2016,Export,USA,37.09024,-95.712891,Romania,45.943161,24.96676,"Waste, parings and scrap, of plastics",Weight in kilograms,34305,34305,25994
2016,Import,USA,37.09024,-95.712891,Guyana,4.860416,-58.93018,"Waste, parings and scrap, of plastics",Weight in kilograms,32257,32257,15346
2016,Export,USA,37.09024,-95.712891,Guyana,4.860416,-58.93018,"Waste, parings and scrap, of plastics",Weight in kilograms,32121,32121,47210
2016,Export,USA,37.09024,-95.712891,Samoa,-13.759029,-172.10463,"Waste, parings and scrap, of plastics",Weight in kilograms,28340,28340,104806
2016,Import,USA,37.09024,-95.712891,"China, Hong Kong SAR",22.3193039,114.169361,"Waste, parings and scrap, of plastics",Weight in kilograms,26034,26034,47759
2016,Export,USA,37.09024,-95.712891,Panama,8.537981,-80.782127,"Waste, parings and scrap, of plastics",Weight in kilograms,23750,23750,97238
2016,Export,USA,37.09024,-95.712891,Argentina,-38.416097,-63.616672,"Waste, parings and scrap, of plastics",Weight in kilograms,22909,22909,26401
2016,Import,USA,37.09024,-95.712891,Czechia,49.817492,15.472962,"Waste, parings and scrap, of plastics",Weight in kilograms,21937,21937,31550
2016,Export,USA,37.09024,-95.712891,Jamaica,18.109581,-77.297508,"Waste, parings and scrap, of plastics",Weight in kilograms,21102,21102,75418
2016,Re-Export,USA,37.09024,-95.712891,Rep. of Korea,36.12529,127.66382,"Waste, parings and scrap, of plastics",Weight in kilograms,20707,20707,17735
2016,Import,USA,37.09024,-95.712891,New Zealand,-40.900557,174.885971,"Waste, parings and scrap, of plastics",Weight in kilograms,20666,20666,33445
2016,Import,USA,37.09024,-95.712891,Norway,60.472024,8.468946,"Waste, parings and scrap, of plastics",Weight in kilograms,20209,20209,6498
2016,Export,USA,37.09024,-95.712891,Sri Lanka,7.873054,80.771797,"Waste, parings and scrap, of plastics",Weight in kilograms,20000,20000,3000
2016,Re-Export,USA,37.09024,-95.712891,Sri Lanka,7.873054,80.771797,"Waste, parings and scrap, of plastics",Weight in kilograms,20000,20000,3000
2016,Export,USA,37.09024,-95.712891,Portugal,39.399872,-8.224454,"Waste, parings and scrap, of plastics",Weight in kilograms,19051,19051,9492
2016,Export,USA,37.09024,-95.712891,Slovenia,46.151241,14.995463,"Waste, parings and scrap, of plastics",Weight in kilograms,19051,19051,3500
2016,Export,USA,37.09024,-95.712891,Morocco,31.791702,-7.09262,"Waste, parings and scrap, of plastics",No Quantity,0,18749,6935
2016,Export,USA,37.09024,-95.712891,Nepal,28.394857,84.124008,"Waste, parings and scrap, of plastics",Weight in kilograms,18398,18398,7909
2016,Export,USA,37.09024,-95.712891,Bulgaria,42.733883,25.48583,"Waste, parings and scrap, of plastics",Weight in kilograms,14828,14828,22591
2016,Export,USA,37.09024,-95.712891,New Zealand,-40.900557,174.885971,"Waste, parings and scrap, of plastics",Weight in kilograms,13432,13432,73827
2016,Re-Export,USA,37.09024,-95.712891,Netherlands,52.132633,5.291266,"Waste, parings and scrap, of plastics",Weight in kilograms,10862,10862,13898
2016,Export,USA,37.09024,-95.712891,Kuwait,29.31166,47.481766,"Waste, parings and scrap, of plastics",Weight in kilograms,10836,10836,41628
2016,Export,USA,37.09024,-95.712891,Poland,51.919438,19.145136,"Waste, parings and scrap, of plastics",No Quantity,0,10543,3900
2016,Export,USA,37.09024,-95.712891,Jordan,31.6732,36.31298,"Waste, parings and scrap, of plastics",Weight in kilograms,9023,9023,48544
2016,Export,USA,37.09024,-95.712891,Mauritania,21.00789,-10.940835,"Waste, parings and scrap, of plastics",Weight in kilograms,8881,8881,40726
2016,Re-Export,USA,37.09024,-95.712891,Mauritania,21.00789,-10.940835,"Waste, parings and scrap, of plastics",Weight in kilograms,8881,8881,40726
2016,Export,USA,37.09024,-95.712891,Denmark,56.26392,9.501785,"Waste, parings and scrap, of plastics",Weight in kilograms,7983,7983,15840
2016,Export,USA,37.09024,-95.712891,Yemen,15.552727,48.516388,"Waste, parings and scrap, of plastics",Weight in kilograms,7000,7000,12000
2016,Re-Export,USA,37.09024,-95.712891,El Salvador,13.794185,-88.89653,"Waste, parings and scrap, of plastics",Weight in kilograms,6975,6975,12694
2016,Export,USA,37.09024,-95.712891,Bahrain,26.0667,50.5577,"Waste, parings and scrap, of plastics",Weight in kilograms,5346,5346,51614
2016,Import,USA,37.09024,-95.712891,Malta,35.937496,14.375416,"Waste, parings and scrap, of plastics",Weight in kilograms,4741,4741,517
2016,Export,USA,37.09024,-95.712891,Bermuda,32.3078,-64.7505,"Waste, parings and scrap, of plastics",Weight in kilograms,4601,4601,25600
2016,Export,USA,37.09024,-95.712891,Saint Kitts and Nevis,17.357822,-62.782998,"Waste, parings and scrap, of plastics",Weight in kilograms,4491,4491,9900
2016,Export,USA,37.09024,-95.712891,Venezuela,6.42375,-66.58973,"Waste, parings and scrap, of plastics",Weight in kilograms,3064,3064,36570
2016,Export,USA,37.09024,-95.712891,Suriname,3.919305,-56.027783,"Waste, parings and scrap, of plastics",Weight in kilograms,3057,3057,6705
2016,Export,USA,37.09024,-95.712891,Lebanon,33.854721,35.862285,"Waste, parings and scrap, of plastics",Weight in kilograms,3023,3023,11207
2016,Export,USA,37.09024,-95.712891,Trinidad and Tobago,10.691803,-61.222503,"Waste, parings and scrap, of plastics",Weight in kilograms,2737,2737,18708
2016,Export,USA,37.09024,-95.712891,Barbados,13.193887,-59.543198,"Waste, parings and scrap, of plastics",Weight in kilograms,2348,2348,7802
2016,Export,USA,37.09024,-95.712891,Slovakia,48.669026,19.699024,"Waste, parings and scrap, of plastics",Weight in kilograms,2167,2167,17483
2016,Re-Export,USA,37.09024,-95.712891,Brazil,-14.235004,-51.92528,"Waste, parings and scrap, of plastics",Weight in kilograms,1800,1800,3582
2016,Export,USA,37.09024,-95.712891,Saint Lucia,13.909444,-60.978893,"Waste, parings and scrap, of plastics",Weight in kilograms,1500,1500,79868
2016,Export,USA,37.09024,-95.712891,Aruba,12.52111,-69.968338,"Waste, parings and scrap, of plastics",Weight in kilograms,1133,1133,7993
2016,Re-Export,USA,37.09024,-95.712891,United Arab Emirates,23.424076,53.847818,"Waste, parings and scrap, of plastics",Weight in kilograms,962,962,7571
2016,Export,USA,37.09024,-95.712891,"China, Macao SAR",22.198745,113.543873,"Waste, parings and scrap, of plastics",Weight in kilograms,649,649,12000
2016,Export,USA,37.09024,-95.712891,Belize,17.189877,-88.49765,"Waste, parings and scrap, of plastics",Weight in kilograms,610,610,2820
2016,Re-Export,USA,37.09024,-95.712891,Panama,8.537981,-80.782127,"Waste, parings and scrap, of plastics",Weight in kilograms,525,525,4103
2016,Re-Export,USA,37.09024,-95.712891,Japan,36.204824,138.252924,"Waste, parings and scrap, of plastics",Weight in kilograms,353,353,6048
2016,Export,USA,37.09024,-95.712891,Haiti,18.971187,-72.285215,"Waste, parings and scrap, of plastics",Weight in kilograms,145,145,4365
2016,Export,USA,37.09024,-95.712891,South Africa,-30.559482,22.937506,"Waste, parings and scrap, of plastics",Weight in kilograms,74,74,3840
2017,Export,USA,37.09024,-95.712891,China,35.86166,104.195397,"Waste, parings and scrap, of plastics",Weight in kilograms,570507600,570507600,203667034
2017,Import,USA,37.09024,-95.712891,Mexico,23.634501,-102.55278,"Waste, parings and scrap, of plastics",Weight in kilograms,168115940,168115940,89543769
2017,Export,USA,37.09024,-95.712891,Viet Nam,14.058324,108.277199,"Waste, parings and scrap, of plastics",Weight in kilograms,137193465,137193465,49437397
2017,Export,USA,37.09024,-95.712891,Canada,56.130366,-106.34677,"Waste, parings and scrap, of plastics",Weight in kilograms,136233640,136233640,67928798
2017,Export,USA,37.09024,-95.712891,India,20.593684,78.96288,"Waste, parings and scrap, of plastics",Weight in kilograms,123179879,123179879,58343736
2017,Export,USA,37.09024,-95.712891,Malaysia,4.210484,101.975766,"Waste, parings and scrap, of plastics",Weight in kilograms,121245535,121245535,31502937
2017,Import,USA,37.09024,-95.712891,Canada,56.130366,-106.34677,"Waste, parings and scrap, of plastics",Weight in kilograms,114499158,114499158,54769830
2017,Export,USA,37.09024,-95.712891,Thailand,15.870032,100.992541,"Waste, parings and scrap, of plastics",Weight in kilograms,32862356,32862356,10772518
2017,Export,USA,37.09024,-95.712891,Indonesia,-0.789275,113.921327,"Waste, parings and scrap, of plastics",Weight in kilograms,29174874,29174874,8307152
2017,Import,USA,37.09024,-95.712891,Germany,51.165691,10.451526,"Waste, parings and scrap, of plastics",Weight in kilograms,17079142,17079142,6691954
2017,Export,USA,37.09024,-95.712891,Turkey,38.963745,35.243322,"Waste, parings and scrap, of plastics",Weight in kilograms,14590529,14590529,4202379
2017,Import,USA,37.09024,-95.712891,Honduras,15.199999,-86.241905,"Waste, parings and scrap, of plastics",Weight in kilograms,11826042,11826042,11156829
2017,Import,USA,37.09024,-95.712891,Ecuador,-1.831239,-78.183406,"Waste, parings and scrap, of plastics",Weight in kilograms,10480481,10480481,7720988
2017,Export,USA,37.09024,-95.712891,Rep. of Korea,36.12529,127.66382,"Waste, parings and scrap, of plastics",Weight in kilograms,9158616,9158616,3399593
2017,Export,USA,37.09024,-95.712891,Spain,40.463667,-3.74922,"Waste, parings and scrap, of plastics",Weight in kilograms,8593946,8593946,4178527
2017,Import,USA,37.09024,-95.712891,Italy,41.87194,12.56738,"Waste, parings and scrap, of plastics",Weight in kilograms,8236650,8236650,4721567
2017,Import,USA,37.09024,-95.712891,Peru,-9.189967,-75.015152,"Waste, parings and scrap, of plastics",Weight in kilograms,7985866,7985866,5544555
2017,Import,USA,37.09024,-95.712891,Dominican Rep.,18.735693,-70.162651,"Waste, parings and scrap, of plastics",Weight in kilograms,7793137,7793137,5354187
2017,Import,USA,37.09024,-95.712891,Venezuela,6.42375,-66.58973,"Waste, parings and scrap, of plastics",Weight in kilograms,6230980,6230980,3483153
2017,Import,USA,37.09024,-95.712891,Nigeria,9.081999,8.675277,"Waste, parings and scrap, of plastics",Weight in kilograms,5999220,5999220,4195776
2017,Import,USA,37.09024,-95.712891,Portugal,39.399872,-8.224454,"Waste, parings and scrap, of plastics",Weight in kilograms,5676415,5676415,2563141
2017,Export,USA,37.09024,-95.712891,El Salvador,13.794185,-88.89653,"Waste, parings and scrap, of plastics",Weight in kilograms,5570555,5570555,5140691
2017,Export,USA,37.09024,-95.712891,Singapore,1.352083,103.819836,"Waste, parings and scrap, of plastics",Weight in kilograms,5177118,5177118,1734240
2017,Import,USA,37.09024,-95.712891,Belgium,50.503887,4.469936,"Waste, parings and scrap, of plastics",Weight in kilograms,4822569,4822569,2589342
2017,Import,USA,37.09024,-95.712891,Denmark,56.26392,9.501785,"Waste, parings and scrap, of plastics",Weight in kilograms,4400295,4400295,2324719
2017,Import,USA,37.09024,-95.712891,Japan,36.204824,138.252924,"Waste, parings and scrap, of plastics",Weight in kilograms,4123998,4123998,3336642
2017,Export,USA,37.09024,-95.712891,Ecuador,-1.831239,-78.183406,"Waste, parings and scrap, of plastics",Weight in kilograms,3752670,3752670,1272322
2017,Export,USA,37.09024,-95.712891,Colombia,4.570868,-74.297333,"Waste, parings and scrap, of plastics",Weight in kilograms,3126278,3126278,6327529
2017,Export,USA,37.09024,-95.712891,Pakistan,30.375321,69.345116,"Waste, parings and scrap, of plastics",Weight in kilograms,2778647,2778647,906497
2017,Import,USA,37.09024,-95.712891,Guatemala,15.783471,-90.230759,"Waste, parings and scrap, of plastics",Weight in kilograms,2583487,2583487,1620729
2017,Import,USA,37.09024,-95.712891,Rep. of Korea,36.12529,127.66382,"Waste, parings and scrap, of plastics",Weight in kilograms,2412823,2412823,1247142
2017,Import,USA,37.09024,-95.712891,Thailand,15.870032,100.992541,"Waste, parings and scrap, of plastics",Weight in kilograms,2388783,2388783,2943928
2017,Import,USA,37.09024,-95.712891,Viet Nam,14.058324,108.277199,"Waste, parings and scrap, of plastics",Weight in kilograms,2340114,2340114,839176
2017,Export,USA,37.09024,-95.712891,Guatemala,15.783471,-90.230759,"Waste, parings and scrap, of plastics",Weight in kilograms,2319708,2319708,1680458
2017,Export,USA,37.09024,-95.712891,Bangladesh,23.684994,90.356331,"Waste, parings and scrap, of plastics",Weight in kilograms,2287373,2287373,852809
2017,Import,USA,37.09024,-95.712891,France,46.227638,2.213749,"Waste, parings and scrap, of plastics",Weight in kilograms,2168846,2168846,827751
2017,Export,USA,37.09024,-95.712891,Australia,-25.274398,133.775136,"Waste, parings and scrap, of plastics",Weight in kilograms,2050217,2050217,5670114
2017,Import,USA,37.09024,-95.712891,Indonesia,-0.789275,113.921327,"Waste, parings and scrap, of plastics",Weight in kilograms,2014984,2014984,1554304
2017,Import,USA,37.09024,-95.712891,Poland,51.919438,19.145136,"Waste, parings and scrap, of plastics",Weight in kilograms,2001374,2001374,853859
2017,Import,USA,37.09024,-95.712891,Spain,40.463667,-3.74922,"Waste, parings and scrap, of plastics",Weight in kilograms,1869843,1869843,1742903
2017,Export,USA,37.09024,-95.712891,United Arab Emirates,23.424076,53.847818,"Waste, parings and scrap, of plastics",Weight in kilograms,1750972,1750972,776672
2017,Import,USA,37.09024,-95.712891,Brazil,-14.235004,-51.92528,"Waste, parings and scrap, of plastics",Weight in kilograms,1608694,1608694,1306426
2017,Import,USA,37.09024,-95.712891,Nicaragua,12.865416,-85.207229,"Waste, parings and scrap, of plastics",Weight in kilograms,1583454,1583454,1126792
2017,Export,USA,37.09024,-95.712891,Nigeria,9.081999,8.675277,"Waste, parings and scrap, of plastics",Weight in kilograms,1529169,1529169,706654
2017,Import,USA,37.09024,-95.712891,Netherlands,52.132633,5.291266,"Waste, parings and scrap, of plastics",Weight in kilograms,1394695,1394695,743231
2017,Export,USA,37.09024,-95.712891,Japan,36.204824,138.252924,"Waste, parings and scrap, of plastics",Weight in kilograms,1260550,1260550,1025154
2017,Export,USA,37.09024,-95.712891,Belgium,50.503887,4.469936,"Waste, parings and scrap, of plastics",Weight in kilograms,1254253,1254253,4268691
2017,Export,USA,37.09024,-95.712891,Dominican Rep.,18.735693,-70.162651,"Waste, parings and scrap, of plastics",Weight in kilograms,1251227,1251227,1926412
2017,Import,USA,37.09024,-95.712891,Costa Rica,9.748917,-83.753428,"Waste, parings and scrap, of plastics",Weight in kilograms,1118359,1118359,571282
2017,Import,USA,37.09024,-95.712891,Austria,47.516231,14.550072,"Waste, parings and scrap, of plastics",Weight in kilograms,1117384,1117384,556001
2017,Export,USA,37.09024,-95.712891,Germany,51.165691,10.451526,"Waste, parings and scrap, of plastics",Weight in kilograms,1043224,1043224,993734
2017,Import,USA,37.09024,-95.712891,Sweden,60.128161,18.643501,"Waste, parings and scrap, of plastics",Weight in kilograms,953640,953640,262748
2017,Import,USA,37.09024,-95.712891,Argentina,-38.416097,-63.616672,"Waste, parings and scrap, of plastics",Weight in kilograms,953427,953427,470270
2017,Import,USA,37.09024,-95.712891,Chile,-35.675147,-71.542969,"Waste, parings and scrap, of plastics",Weight in kilograms,939963,939963,796058
2017,Import,USA,37.09024,-95.712891,United Kingdom,55.378051,-3.435973,"Waste, parings and scrap, of plastics",Weight in kilograms,860610,860610,779877
2017,Export,USA,37.09024,-95.712891,Myanmar,21.916221,95.955974,"Waste, parings and scrap, of plastics",Weight in kilograms,852421,852421,222613
2017,Import,USA,37.09024,-95.712891,Czechia,49.817492,15.472962,"Waste, parings and scrap, of plastics",Weight in kilograms,806436,806436,880594
2017,Import,USA,37.09024,-95.712891,Romania,45.943161,24.96676,"Waste, parings and scrap, of plastics",Weight in kilograms,707500,707500,228968
2017,Export,USA,37.09024,-95.712891,Honduras,15.199999,-86.241905,"Waste, parings and scrap, of plastics",Weight in kilograms,697138,697138,656215
2017,Import,USA,37.09024,-95.712891,Malaysia,4.210484,101.975766,"Waste, parings and scrap, of plastics",Weight in kilograms,683320,683320,515226
2017,Import,USA,37.09024,-95.712891,Bolivia (Plurinational State of),-16.290154,-63.588653,"Waste, parings and scrap, of plastics",Weight in kilograms,614486,614486,499188
2017,Import,USA,37.09024,-95.712891,Panama,8.537981,-80.782127,"Waste, parings and scrap, of plastics",Weight in kilograms,583586,583586,356268
2017,Import,USA,37.09024,-95.712891,India,20.593684,78.96288,"Waste, parings and scrap, of plastics",Weight in kilograms,550083,550083,924587
2017,Import,USA,37.09024,-95.712891,Haiti,18.971187,-72.285215,"Waste, parings and scrap, of plastics",Weight in kilograms,476964,476964,440552
2017,Export,USA,37.09024,-95.712891,Chile,-35.675147,-71.542969,"Waste, parings and scrap, of plastics",Weight in kilograms,459697,459697,284588
2017,Re-Export,USA,37.09024,-95.712891,Canada,56.130366,-106.34677,"Waste, parings and scrap, of plastics",Weight in kilograms,439146,439146,474235
2017,Import,USA,37.09024,-95.712891,Greece,39.074208,21.824312,"Waste, parings and scrap, of plastics",Weight in kilograms,380360,380360,191214
2017,Export,USA,37.09024,-95.712891,United Kingdom,55.378051,-3.435973,"Waste, parings and scrap, of plastics",Weight in kilograms,348332,348332,253433
2017,Import,USA,37.09024,-95.712891,Colombia,4.570868,-74.297333,"Waste, parings and scrap, of plastics",Weight in kilograms,338194,338194,354084
2017,Export,USA,37.09024,-95.712891,Israel,31.046051,34.851612,"Waste, parings and scrap, of plastics",Weight in kilograms,321143,321143,533545
2017,Export,USA,37.09024,-95.712891,Peru,-9.189967,-75.015152,"Waste, parings and scrap, of plastics",Weight in kilograms,295417,295417,108138
2017,Export,USA,37.09024,-95.712891,Costa Rica,9.748917,-83.753428,"Waste, parings and scrap, of plastics",Weight in kilograms,281734,281734,185522
2017,Export,USA,37.09024,-95.712891,United Rep. of Tanzania,45.4256169,-75.672164,"Waste, parings and scrap, of plastics",Weight in kilograms,273935,273935,105220
2017,Import,USA,37.09024,-95.712891,Trinidad and Tobago,10.691803,-61.222503,"Waste, parings and scrap, of plastics",Weight in kilograms,256102,256102,142175
2017,Export,USA,37.09024,-95.712891,Greece,39.074208,21.824312,"Waste, parings and scrap, of plastics",Weight in kilograms,244935,244935,167923
2017,Re-Export,USA,37.09024,-95.712891,Ecuador,-1.831239,-78.183406,"Waste, parings and scrap, of plastics",Weight in kilograms,240000,240000,83796
2017,Export,USA,37.09024,-95.712891,Czechia,49.817492,15.472962,"Waste, parings and scrap, of plastics",Weight in kilograms,201211,201211,728028
2017,Import,USA,37.09024,-95.712891,Ukraine,48.379433,31.1655799,"Waste, parings and scrap, of plastics",Weight in kilograms,191857,191857,78924
2017,Export,USA,37.09024,-95.712891,Switzerland,46.818188,8.227512,"Waste, parings and scrap, of plastics",Weight in kilograms,183011,183011,137902
2017,Export,USA,37.09024,-95.712891,Brazil,-14.235004,-51.92528,"Waste, parings and scrap, of plastics",Weight in kilograms,181057,181057,159715
2017,Import,USA,37.09024,-95.712891,Jamaica,18.109581,-77.297508,"Waste, parings and scrap, of plastics",Weight in kilograms,179692,179692,129779
2017,Import,USA,37.09024,-95.712891,Bangladesh,23.684994,90.356331,"Waste, parings and scrap, of plastics",Weight in kilograms,178314,178314,73130
2017,Import,USA,37.09024,-95.712891,Belize,17.189877,-88.49765,"Waste, parings and scrap, of plastics",Weight in kilograms,174583,174583,97142
2017,Import,USA,37.09024,-95.712891,Hungary,47.162494,19.5033041,"Waste, parings and scrap, of plastics",Weight in kilograms,174442,174442,79229
2017,Import,USA,37.09024,-95.712891,Slovenia,46.151241,14.995463,"Waste, parings and scrap, of plastics",Weight in kilograms,154178,154178,62424
2017,Import,USA,37.09024,-95.712891,El Salvador,13.794185,-88.89653,"Waste, parings and scrap, of plastics",Weight in kilograms,153687,153687,121924
2017,Import,USA,37.09024,-95.712891,Philippines,12.879721,121.774017,"Waste, parings and scrap, of plastics",Weight in kilograms,151966,151966,131098
2017,Re-Export,USA,37.09024,-95.712891,Viet Nam,14.058324,108.277199,"Waste, parings and scrap, of plastics",Weight in kilograms,151481,151481,48137
2017,Export,USA,37.09024,-95.712891,Austria,47.516231,14.550072,"Waste, parings and scrap, of plastics",Weight in kilograms,146726,146726,61728
2017,Import,USA,37.09024,-95.712891,Australia,-25.274398,133.775136,"Waste, parings and scrap, of plastics",Weight in kilograms,134827,134827,229036
2017,Import,USA,37.09024,-95.712891,Turkey,38.963745,35.243322,"Waste, parings and scrap, of plastics",Weight in kilograms,133380,133380,57066
2017,Export,USA,37.09024,-95.712891,Denmark,56.26392,9.501785,"Waste, parings and scrap, of plastics",Weight in kilograms,131624,131624,8397
2017,Export,USA,37.09024,-95.712891,Egypt,26.820553,30.802498,"Waste, parings and scrap, of plastics",Weight in kilograms,119317,119317,66907
2017,Export,USA,37.09024,-95.712891,Cayman Isds,19.3133,-81.2546,"Waste, parings and scrap, of plastics",Weight in kilograms,110828,110828,474984
2017,Re-Export,USA,37.09024,-95.712891,Turkey,38.963745,35.243322,"Waste, parings and scrap, of plastics",Weight in kilograms,108570,108570,42292
2017,Import,USA,37.09024,-95.712891,"China, Hong Kong SAR",22.3193039,114.169361,"Waste, parings and scrap, of plastics",Weight in kilograms,105281,105281,73172
2017,Import,USA,37.09024,-95.712891,Paraguay,-23.442503,-58.443832,"Waste, parings and scrap, of plastics",Weight in kilograms,97050,97050,33630
2017,Export,USA,37.09024,-95.712891,Ghana,7.946527,-1.023194,"Waste, parings and scrap, of plastics",Weight in kilograms,95755,95755,85350
2017,Export,USA,37.09024,-95.712891,Poland,51.919438,19.145136,"Waste, parings and scrap, of plastics",Weight in kilograms,80648,80648,45037
2017,Export,USA,37.09024,-95.712891,Bolivia (Plurinational State of),-16.290154,-63.588653,"Waste, parings and scrap, of plastics",Weight in kilograms,79584,79584,14316
2017,Import,USA,37.09024,-95.712891,Estonia,58.595272,25.0136071,"Waste, parings and scrap, of plastics",Weight in kilograms,73052,73052,33590
2017,Export,USA,37.09024,-95.712891,France,46.227638,2.213749,"Waste, parings and scrap, of plastics",Weight in kilograms,67332,67332,307292
2017,Import,USA,37.09024,-95.712891,Switzerland,46.818188,8.227512,"Waste, parings and scrap, of plastics",Weight in kilograms,66316,66316,333803
2017,Export,USA,37.09024,-95.712891,Morocco,31.791702,-7.09262,"Waste, parings and scrap, of plastics",Weight in kilograms,64600,64600,56002
2017,Export,USA,37.09024,-95.712891,Ireland,53.1423672,-7.6920536,"Waste, parings and scrap, of plastics",Weight in kilograms,63265,63265,637809
2017,Re-Export,USA,37.09024,-95.712891,Rep. of Korea,36.12529,127.66382,"Waste, parings and scrap, of plastics",Weight in kilograms,62203,62203,92704
2017,Export,USA,37.09024,-95.712891,Sweden,60.128161,18.643501,"Waste, parings and scrap, of plastics",Weight in kilograms,61762,61762,243822
2017,Export,USA,37.09024,-95.712891,Nicaragua,12.865416,-85.207229,"Waste, parings and scrap, of plastics",Weight in kilograms,61557,61557,106156
2017,Export,USA,37.09024,-95.712891,Uruguay,-32.522779,-55.765835,"Waste, parings and scrap, of plastics",Weight in kilograms,60000,60000,57485
2017,Export,USA,37.09024,-95.712891,Yemen,15.552727,48.516388,"Waste, parings and scrap, of plastics",Weight in kilograms,56021,56021,32900
2017,Re-Export,USA,37.09024,-95.712891,China,35.86166,104.195397,"Waste, parings and scrap, of plastics",Weight in kilograms,55678,55678,30179
2017,Import,USA,37.09024,-95.712891,Finland,61.92411,25.7481511,"Waste, parings and scrap, of plastics",Weight in kilograms,46882,46882,272692
2017,Import,USA,37.09024,-95.712891,Ireland,53.1423672,-7.6920536,"Waste, parings and scrap, of plastics",Weight in kilograms,44946,44946,162906
2017,Import,USA,37.09024,-95.712891,Cayman Isds,19.3133,-81.2546,"Waste, parings and scrap, of plastics",Weight in kilograms,38228,38228,13840
2017,Import,USA,37.09024,-95.712891,Nauru,-0.522778,166.931503,"Waste, parings and scrap, of plastics",Weight in kilograms,38200,38200,102634
2017,Import,USA,37.09024,-95.712891,Israel,31.046051,34.851612,"Waste, parings and scrap, of plastics",Weight in kilograms,35581,35581,61779
2017,Export,USA,37.09024,-95.712891,Saudi Arabia,23.885942,45.079162,"Waste, parings and scrap, of plastics",Weight in kilograms,34869,34869,23271
2017,Export,USA,37.09024,-95.712891,Trinidad and Tobago,10.691803,-61.222503,"Waste, parings and scrap, of plastics",Weight in kilograms,34815,34815,30309
2017,Import,USA,37.09024,-95.712891,Barbados,13.193887,-59.543198,"Waste, parings and scrap, of plastics",Weight in kilograms,34618,34618,19242
2017,Import,USA,37.09024,-95.712891,New Zealand,-40.900557,174.885971,"Waste, parings and scrap, of plastics",Weight in kilograms,33177,33177,58871
2017,Import,USA,37.09024,-95.712891,Russian Federation,61.52401,105.318756,"Waste, parings and scrap, of plastics",Weight in kilograms,32838,32838,11948
2017,Import,USA,37.09024,-95.712891,Oman,21.4735329,55.975413,"Waste, parings and scrap, of plastics",Weight in kilograms,25354,25354,21779
2017,Export,USA,37.09024,-95.712891,Slovenia,46.151241,14.995463,"Waste, parings and scrap, of plastics",Weight in kilograms,25312,25312,12834
2017,Export,USA,37.09024,-95.712891,Romania,45.943161,24.96676,"Waste, parings and scrap, of plastics",Weight in kilograms,25041,25041,41730
2017,Export,USA,37.09024,-95.712891,Panama,8.537981,-80.782127,"Waste, parings and scrap, of plastics",Weight in kilograms,24743,24743,38600
2017,Import,USA,37.09024,-95.712891,Saudi Arabia,23.885942,45.079162,"Waste, parings and scrap, of plastics",Weight in kilograms,23750,23750,58038
2017,Export,USA,37.09024,-95.712891,Jamaica,18.109581,-77.297508,"Waste, parings and scrap, of plastics",Weight in kilograms,23395,23395,90999
2017,Export,USA,37.09024,-95.712891,Christmas Isds,33.2254878,-97.133161,"Waste, parings and scrap, of plastics",Weight in kilograms,22934,22934,11238
2017,Export,USA,37.09024,-95.712891,Mauritania,21.00789,-10.940835,"Waste, parings and scrap, of plastics",Weight in kilograms,21116,21116,5812
2017,Export,USA,37.09024,-95.712891,Br. Indian Ocean Terr.,38.966637,-76.486763,"Waste, parings and scrap, of plastics",Weight in kilograms,20110,20110,9452
2017,Re-Export,USA,37.09024,-95.712891,Uruguay,-32.522779,-55.765835,"Waste, parings and scrap, of plastics",Weight in kilograms,20000,20000,17000
2017,Export,USA,37.09024,-95.712891,Portugal,39.399872,-8.224454,"Waste, parings and scrap, of plastics",Weight in kilograms,19000,19000,6650
2017,Import,USA,37.09024,-95.712891,Uruguay,-32.522779,-55.765835,"Waste, parings and scrap, of plastics",Weight in kilograms,18452,18452,26332
2017,Re-Export,USA,37.09024,-95.712891,France,46.227638,2.213749,"Waste, parings and scrap, of plastics",Weight in kilograms,18144,18144,13608
2017,Re-Export,USA,37.09024,-95.712891,Panama,8.537981,-80.782127,"Waste, parings and scrap, of plastics",Weight in kilograms,17555,17555,13645
2017,Re-Export,USA,37.09024,-95.712891,India,20.593684,78.96288,"Waste, parings and scrap, of plastics",Weight in kilograms,17450,17450,7500
2017,Re-Export,USA,37.09024,-95.712891,United Arab Emirates,23.424076,53.847818,"Waste, parings and scrap, of plastics",Weight in kilograms,17240,17240,7222
2017,Import,USA,37.09024,-95.712891,Sri Lanka,7.873054,80.771797,"Waste, parings and scrap, of plastics",Weight in kilograms,16900,16900,7583
2017,Re-Export,USA,37.09024,-95.712891,Honduras,15.199999,-86.241905,"Waste, parings and scrap, of plastics",Weight in kilograms,16363,16363,3780
2017,Export,USA,37.09024,-95.712891,Latvia,56.879635,24.603189,"Waste, parings and scrap, of plastics",Weight in kilograms,15331,15331,7655
2017,Re-Export,USA,37.09024,-95.712891,Malaysia,4.210484,101.975766,"Waste, parings and scrap, of plastics",Weight in kilograms,14674,14674,13081
2017,Export,USA,37.09024,-95.712891,Finland,61.92411,25.7481511,"Waste, parings and scrap, of plastics",No Quantity,0,13120,5000
2017,Export,USA,37.09024,-95.712891,Samoa,-13.759029,-172.10463,"Waste, parings and scrap, of plastics",Weight in kilograms,11617,11617,61839
2017,Export,USA,37.09024,-95.712891,Bermuda,32.3078,-64.7505,"Waste, parings and scrap, of plastics",Weight in kilograms,11416,11416,80726
2017,Export,USA,37.09024,-95.712891,Saint Lucia,13.909444,-60.978893,"Waste, parings and scrap, of plastics",Weight in kilograms,10888,10888,12839
2017,Export,USA,37.09024,-95.712891,Bahamas,25.03428,-77.39628,"Waste, parings and scrap, of plastics",Weight in kilograms,9175,9175,27615
2017,Export,USA,37.09024,-95.712891,Haiti,18.971187,-72.285215,"Waste, parings and scrap, of plastics",Weight in kilograms,9072,9072,12815
2017,Export,USA,37.09024,-95.712891,New Zealand,-40.900557,174.885971,"Waste, parings and scrap, of plastics",Weight in kilograms,9033,9033,34818
2017,Export,USA,37.09024,-95.712891,Turks and Caicos Isds,21.79838,-72.15332,"Waste, parings and scrap, of plastics",Weight in kilograms,5136,5136,52262
2017,Export,USA,37.09024,-95.712891,Argentina,-38.416097,-63.616672,"Waste, parings and scrap, of plastics",Weight in kilograms,5000,5000,22134
2017,Export,USA,37.09024,-95.712891,Kuwait,29.31166,47.481766,"Waste, parings and scrap, of plastics",Weight in kilograms,3780,3780,12360
2017,Export,USA,37.09024,-95.712891,Bahrain,26.0667,50.5577,"Waste, parings and scrap, of plastics",Weight in kilograms,3661,3661,36850
2017,Import,USA,37.09024,-95.712891,Antigua and Barbuda,17.060816,-61.796428,"Waste, parings and scrap, of plastics",Weight in kilograms,3629,3629,265
2017,Export,USA,37.09024,-95.712891,Saint Maarten,18.04248,-63.05483,"Waste, parings and scrap, of plastics",Weight in kilograms,3103,3103,19963
2017,Re-Export,USA,37.09024,-95.712891,Japan,36.204824,138.252924,"Waste, parings and scrap, of plastics",Weight in kilograms,2325,2325,28886
2017,Re-Export,USA,37.09024,-95.712891,Chile,-35.675147,-71.542969,"Waste, parings and scrap, of plastics",Weight in kilograms,2191,2191,6025
2017,Export,USA,37.09024,-95.712891,Sri Lanka,7.873054,80.771797,"Waste, parings and scrap, of plastics",Weight in kilograms,970,970,3999
2017,Re-Export,USA,37.09024,-95.712891,Australia,-25.274398,133.775136,"Waste, parings and scrap, of plastics",Weight in kilograms,911,911,23097
2017,Re-Export,USA,37.09024,-95.712891,Trinidad and Tobago,10.691803,-61.222503,"Waste, parings and scrap, of plastics",Weight in kilograms,697,697,5771
2017,Export,USA,37.09024,-95.712891,South Africa,-30.559482,22.937506,"Waste, parings and scrap, of plastics",Weight in kilograms,619,619,34560
2017,Import,USA,37.09024,-95.712891,Luxembourg,49.815273,6.129583,"Waste, parings and scrap, of plastics",Weight in kilograms,567,567,314
2017,Re-Export,USA,37.09024,-95.712891,El Salvador,13.794185,-88.89653,"Waste, parings and scrap, of plastics",Weight in kilograms,522,522,17104
2017,Re-Export,USA,37.09024,-95.712891,Nicaragua,12.865416,-85.207229,"Waste, parings and scrap, of plastics",Weight in kilograms,464,464,4102
2017,Re-Export,USA,37.09024,-95.712891,Colombia,4.570868,-74.297333,"Waste, parings and scrap, of plastics",Weight in kilograms,424,424,4826
2017,Export,USA,37.09024,-95.712891,Br. Virgin Isds,18.420695,-64.639968,"Waste, parings and scrap, of plastics",Weight in kilograms,371,371,5347
2017,Export,USA,37.09024,-95.712891,Iraq,33.223191,43.679291,"Waste, parings and scrap, of plastics",Weight in kilograms,348,348,3680
2017,Export,USA,37.09024,-95.712891,Bulgaria,42.733883,25.48583,"Waste, parings and scrap, of plastics",Weight in kilograms,276,276,29816
2017,Re-Export,USA,37.09024,-95.712891,United Kingdom,55.378051,-3.435973,"Waste, parings and scrap, of plastics",Weight in kilograms,240,240,8736
2017,Re-Export,USA,37.09024,-95.712891,Switzerland,46.818188,8.227512,"Waste, parings and scrap, of plastics",Weight in kilograms,179,179,11300
2017,Re-Export,USA,37.09024,-95.712891,Saudi Arabia,23.885942,45.079162,"Waste, parings and scrap, of plastics",Weight in kilograms,161,161,3286
2017,Import,USA,37.09024,-95.712891,South Africa,-30.559482,22.937506,"Waste, parings and scrap, of plastics",Weight in kilograms,42,42,515
2017,Export,USA,37.09024,-95.712891,Montenegro,42.708678,19.37439,"Waste, parings and scrap, of plastics",Weight in kilograms,16,16,3451
2018,Export,USA,37.09024,-95.712891,Malaysia,4.210484,101.975766,"Waste, parings and scrap, of plastics",Weight in kilograms,207044511,207044511,57981689
2018,Import,USA,37.09024,-95.712891,Mexico,23.634501,-102.55278,"Waste, parings and scrap, of plastics",Weight in kilograms,174619326,174619326,102701948
2018,Export,USA,37.09024,-95.712891,Canada,56.130366,-106.34677,"Waste, parings and scrap, of plastics",Weight in kilograms,134314519,134314519,69155524
2018,Export,USA,37.09024,-95.712891,India,20.593684,78.96288,"Waste, parings and scrap, of plastics",Weight in kilograms,133308181,133308181,50073826
2018,Import,USA,37.09024,-95.712891,Canada,56.130366,-106.34677,"Waste, parings and scrap, of plastics",Weight in kilograms,113483045,113483045,49834211
2018,Export,USA,37.09024,-95.712891,Thailand,15.870032,100.992541,"Waste, parings and scrap, of plastics",Weight in kilograms,106929191,106929191,43354915
2018,Export,USA,37.09024,-95.712891,Viet Nam,14.058324,108.277199,"Waste, parings and scrap, of plastics",Weight in kilograms,74433848,74433848,27438320
2018,Export,USA,37.09024,-95.712891,Mexico,23.634501,-102.55278,"Waste, parings and scrap, of plastics",Weight in kilograms,46201221,46201221,24513283
2018,Export,USA,37.09024,-95.712891,Rep. of Korea,36.12529,127.66382,"Waste, parings and scrap, of plastics",Weight in kilograms,35510222,35510222,14106166
2018,Export,USA,37.09024,-95.712891,Indonesia,-0.789275,113.921327,"Waste, parings and scrap, of plastics",Weight in kilograms,27385165,27385165,9247584
2018,Export,USA,37.09024,-95.712891,Turkey,38.963745,35.243322,"Waste, parings and scrap, of plastics",Weight in kilograms,23686786,23686786,6080379
2018,Import,USA,37.09024,-95.712891,Germany,51.165691,10.451526,"Waste, parings and scrap, of plastics",Weight in kilograms,12619831,12619831,7658000
2018,Import,USA,37.09024,-95.712891,Japan,36.204824,138.252924,"Waste, parings and scrap, of plastics",Weight in kilograms,12479688,12479688,11029872
2018,Import,USA,37.09024,-95.712891,China,35.86166,104.195397,"Waste, parings and scrap, of plastics",Weight in kilograms,11662399,11662399,11533222
2018,Import,USA,37.09024,-95.712891,Honduras,15.199999,-86.241905,"Waste, parings and scrap, of plastics",Weight in kilograms,10828115,10828115,11647864
2018,Import,USA,37.09024,-95.712891,Italy,41.87194,12.56738,"Waste, parings and scrap, of plastics",Weight in kilograms,10727115,10727115,7393080
2018,Import,USA,37.09024,-95.712891,Nigeria,9.081999,8.675277,"Waste, parings and scrap, of plastics",Weight in kilograms,10140400,10140400,6622743
2018,Import,USA,37.09024,-95.712891,Indonesia,-0.789275,113.921327,"Waste, parings and scrap, of plastics",Weight in kilograms,7333904,7333904,5470284
2018,Export,USA,37.09024,-95.712891,Ecuador,-1.831239,-78.183406,"Waste, parings and scrap, of plastics",Weight in kilograms,6873549,6873549,3759171
2018,Import,USA,37.09024,-95.712891,Dominican Rep.,18.735693,-70.162651,"Waste, parings and scrap, of plastics",Weight in kilograms,6715973,6715973,5392088
2018,Export,USA,37.09024,-95.712891,Philippines,12.879721,121.774017,"Waste, parings and scrap, of plastics",Weight in kilograms,6530441,6530441,2380733
2018,Import,USA,37.09024,-95.712891,Belgium,50.503887,4.469936,"Waste, parings and scrap, of plastics",Weight in kilograms,6306504,6306504,3449169
2018,Export,USA,37.09024,-95.712891,El Salvador,13.794185,-88.89653,"Waste, parings and scrap, of plastics",Weight in kilograms,6038997,6038997,6592556
2018,Import,USA,37.09024,-95.712891,Ecuador,-1.831239,-78.183406,"Waste, parings and scrap, of plastics",Weight in kilograms,5747961,5747961,4229427
2018,Import,USA,37.09024,-95.712891,Venezuela,6.42375,-66.58973,"Waste, parings and scrap, of plastics",Weight in kilograms,5617315,5617315,3479654
2018,Export,USA,37.09024,-95.712891,Spain,40.463667,-3.74922,"Waste, parings and scrap, of plastics",Weight in kilograms,5225300,5225300,2993098
2018,Import,USA,37.09024,-95.712891,Philippines,12.879721,121.774017,"Waste, parings and scrap, of plastics",Weight in kilograms,4966159,4966159,3757024
2018,Export,USA,37.09024,-95.712891,Pakistan,30.375321,69.345116,"Waste, parings and scrap, of plastics",Weight in kilograms,4199939,4199939,1503269
2018,Import,USA,37.09024,-95.712891,Denmark,56.26392,9.501785,"Waste, parings and scrap, of plastics",Weight in kilograms,4002336,4002336,2538678
2018,Export,USA,37.09024,-95.712891,Bangladesh,23.684994,90.356331,"Waste, parings and scrap, of plastics",Weight in kilograms,3737057,3737057,1113688
2018,Export,USA,37.09024,-95.712891,Germany,51.165691,10.451526,"Waste, parings and scrap, of plastics",Weight in kilograms,3458584,3458584,1469040
2018,Import,USA,37.09024,-95.712891,Thailand,15.870032,100.992541,"Waste, parings and scrap, of plastics",Weight in kilograms,3186650,3186650,2414014
2018,Re-Export,USA,37.09024,-95.712891,Malaysia,4.210484,101.975766,"Waste, parings and scrap, of plastics",Weight in kilograms,2924500,2924500,299000
2018,Export,USA,37.09024,-95.712891,Belgium,50.503887,4.469936,"Waste, parings and scrap, of plastics",Weight in kilograms,2832393,2832393,4448753
2018,Export,USA,37.09024,-95.712891,Guatemala,15.783471,-90.230759,"Waste, parings and scrap, of plastics",Weight in kilograms,2606108,2606108,2124552
2018,Import,USA,37.09024,-95.712891,Portugal,39.399872,-8.224454,"Waste, parings and scrap, of plastics",Weight in kilograms,2567668,2567668,1666461
2018,Import,USA,37.09024,-95.712891,Peru,-9.189967,-75.015152,"Waste, parings and scrap, of plastics",Weight in kilograms,2536518,2536518,1907633
2018,Import,USA,37.09024,-95.712891,Viet Nam,14.058324,108.277199,"Waste, parings and scrap, of plastics",Weight in kilograms,2490937,2490937,1474037
2018,Import,USA,37.09024,-95.712891,Spain,40.463667,-3.74922,"Waste, parings and scrap, of plastics",Weight in kilograms,2414181,2414181,1924145
2018,Export,USA,37.09024,-95.712891,Honduras,15.199999,-86.241905,"Waste, parings and scrap, of plastics",Weight in kilograms,2167909,2167909,1205062
2018,Import,USA,37.09024,-95.712891,France,46.227638,2.213749,"Waste, parings and scrap, of plastics",Weight in kilograms,2151282,2151282,1240187
2018,Import,USA,37.09024,-95.712891,Ethiopia,9.145,40.489673,"Waste, parings and scrap, of plastics",Weight in kilograms,1993720,1993720,1342243
2018,Export,USA,37.09024,-95.712891,Netherlands,52.132633,5.291266,"Waste, parings and scrap, of plastics",Weight in kilograms,1865272,1865272,1481560
2018,Import,USA,37.09024,-95.712891,Malaysia,4.210484,101.975766,"Waste, parings and scrap, of plastics",Weight in kilograms,1808112,1808112,1308148
2018,Export,USA,37.09024,-95.712891,Singapore,1.352083,103.819836,"Waste, parings and scrap, of plastics",Weight in kilograms,1591335,1591335,909081
2018,Export,USA,37.09024,-95.712891,Saudi Arabia,23.885942,45.079162,"Waste, parings and scrap, of plastics",Weight in kilograms,1583203,1583203,429893
2018,Import,USA,37.09024,-95.712891,United Kingdom,55.378051,-3.435973,"Waste, parings and scrap, of plastics",Weight in kilograms,1539396,1539396,670147
2018,Import,USA,37.09024,-95.712891,Guatemala,15.783471,-90.230759,"Waste, parings and scrap, of plastics",Weight in kilograms,1512258,1512258,1032738
2018,Export,USA,37.09024,-95.712891,Cambodia,12.565679,104.990963,"Waste, parings and scrap, of plastics",Weight in kilograms,1463486,1463486,349170
2018,Import,USA,37.09024,-95.712891,Rep. of Korea,36.12529,127.66382,"Waste, parings and scrap, of plastics",Weight in kilograms,1458926,1458926,901667
2018,Export,USA,37.09024,-95.712891,Nigeria,9.081999,8.675277,"Waste, parings and scrap, of plastics",Weight in kilograms,1383311,1383311,361169
2018,Export,USA,37.09024,-95.712891,Colombia,4.570868,-74.297333,"Waste, parings and scrap, of plastics",Weight in kilograms,1372566,1372566,1203836
2018,Import,USA,37.09024,-95.712891,Austria,47.516231,14.550072,"Waste, parings and scrap, of plastics",Weight in kilograms,1320878,1320878,693961
2018,Export,USA,37.09024,-95.712891,Australia,-25.274398,133.775136,"Waste, parings and scrap, of plastics",Weight in kilograms,1150662,1150662,3437568
2018,Import,USA,37.09024,-95.712891,Poland,51.919438,19.145136,"Waste, parings and scrap, of plastics",Weight in kilograms,1144138,1144138,740509
2018,Import,USA,37.09024,-95.712891,Nicaragua,12.865416,-85.207229,"Waste, parings and scrap, of plastics",Weight in kilograms,1117719,1117719,746279
2018,Import,USA,37.09024,-95.712891,Netherlands,52.132633,5.291266,"Waste, parings and scrap, of plastics",Weight in kilograms,1103056,1103056,765683
2018,Export,USA,37.09024,-95.712891,Dominican Rep.,18.735693,-70.162651,"Waste, parings and scrap, of plastics",Weight in kilograms,1058068,1058068,1595410
2018,Import,USA,37.09024,-95.712891,United Rep. of Tanzania,45.4256169,-75.672164,"Waste, parings and scrap, of plastics",Weight in kilograms,1043350,1043350,701325
2018,Export,USA,37.09024,-95.712891,Costa Rica,9.748917,-83.753428,"Waste, parings and scrap, of plastics",Weight in kilograms,1035899,1035899,623832
2018,Export,USA,37.09024,-95.712891,Israel,31.046051,34.851612,"Waste, parings and scrap, of plastics",Weight in kilograms,1005013,1005013,1065106
2018,Export,USA,37.09024,-95.712891,United Arab Emirates,23.424076,53.847818,"Waste, parings and scrap, of plastics",Weight in kilograms,974690,974690,613544
2018,Import,USA,37.09024,-95.712891,Costa Rica,9.748917,-83.753428,"Waste, parings and scrap, of plastics",Weight in kilograms,879077,879077,379767
2018,Export,USA,37.09024,-95.712891,Brazil,-14.235004,-51.92528,"Waste, parings and scrap, of plastics",Weight in kilograms,829477,829477,847066
2018,Import,USA,37.09024,-95.712891,Brazil,-14.235004,-51.92528,"Waste, parings and scrap, of plastics",Weight in kilograms,827793,827793,1103879
2018,Export,USA,37.09024,-95.712891,Portugal,39.399872,-8.224454,"Waste, parings and scrap, of plastics",Weight in kilograms,730973,730973,305987
2018,Import,USA,37.09024,-95.712891,Czechia,49.817492,15.472962,"Waste, parings and scrap, of plastics",Weight in kilograms,714980,714980,342144
2018,Import,USA,37.09024,-95.712891,Chile,-35.675147,-71.542969,"Waste, parings and scrap, of plastics",Weight in kilograms,709798,709798,445781
2018,Export,USA,37.09024,-95.712891,Chile,-35.675147,-71.542969,"Waste, parings and scrap, of plastics",Weight in kilograms,685853,685853,589383
2018,Export,USA,37.09024,-95.712891,Japan,36.204824,138.252924,"Waste, parings and scrap, of plastics",Weight in kilograms,663816,663816,420468
2018,Export,USA,37.09024,-95.712891,Ghana,7.946527,-1.023194,"Waste, parings and scrap, of plastics",Weight in kilograms,647951,647951,255921
2018,Import,USA,37.09024,-95.712891,Singapore,1.352083,103.819836,"Waste, parings and scrap, of plastics",Weight in kilograms,617682,617682,418995
2018,Import,USA,37.09024,-95.712891,India,20.593684,78.96288,"Waste, parings and scrap, of plastics",Weight in kilograms,613791,613791,1238574
2018,Export,USA,37.09024,-95.712891,United Kingdom,55.378051,-3.435973,"Waste, parings and scrap, of plastics",Weight in kilograms,553822,553822,361020
2018,Export,USA,37.09024,-95.712891,Peru,-9.189967,-75.015152,"Waste, parings and scrap, of plastics",Weight in kilograms,548586,548586,166871
2018,Export,USA,37.09024,-95.712891,Russian Federation,61.52401,105.318756,"Waste, parings and scrap, of plastics",Weight in kilograms,516589,516589,112921
2018,Import,USA,37.09024,-95.712891,Sweden,60.128161,18.643501,"Waste, parings and scrap, of plastics",Weight in kilograms,514568,514568,221536
2018,Re-Export,USA,37.09024,-95.712891,Mexico,23.634501,-102.55278,"Waste, parings and scrap, of plastics",Weight in kilograms,489438,489438,843158
2018,Export,USA,37.09024,-95.712891,Italy,41.87194,12.56738,"Waste, parings and scrap, of plastics",Weight in kilograms,447986,447986,454608
2018,Re-Export,USA,37.09024,-95.712891,Canada,56.130366,-106.34677,"Waste, parings and scrap, of plastics",Weight in kilograms,447670,447670,301734
2018,Import,USA,37.09024,-95.712891,Colombia,4.570868,-74.297333,"Waste, parings and scrap, of plastics",Weight in kilograms,418408,418408,401514
2018,Import,USA,37.09024,-95.712891,Haiti,18.971187,-72.285215,"Waste, parings and scrap, of plastics",Weight in kilograms,410224,410224,295026
2018,Export,USA,37.09024,-95.712891,Slovenia,46.151241,14.995463,"Waste, parings and scrap, of plastics",Weight in kilograms,386619,386619,117830
2018,Import,USA,37.09024,-95.712891,Panama,8.537981,-80.782127,"Waste, parings and scrap, of plastics",Weight in kilograms,381334,381334,244162
2018,Import,USA,37.09024,-95.712891,Israel,31.046051,34.851612,"Waste, parings and scrap, of plastics",Weight in kilograms,368207,368207,205609
2018,Export,USA,37.09024,-95.712891,Ethiopia,9.145,40.489673,"Waste, parings and scrap, of plastics",Weight in kilograms,367978,367978,56549
2018,Import,USA,37.09024,-95.712891,El Salvador,13.794185,-88.89653,"Waste, parings and scrap, of plastics",Weight in kilograms,357245,357245,178428
2018,Export,USA,37.09024,-95.712891,United Rep. of Tanzania,45.4256169,-75.672164,"Waste, parings and scrap, of plastics",Weight in kilograms,333363,333363,299190
2018,Import,USA,37.09024,-95.712891,Mozambique,-18.665695,35.529562,"Waste, parings and scrap, of plastics",Weight in kilograms,311600,311600,211772
2018,Export,USA,37.09024,-95.712891,Lao People's Dem. Rep.,19.85627,102.495496,"Waste, parings and scrap, of plastics",Weight in kilograms,307699,307699,77093
2018,Import,USA,37.09024,-95.712891,Australia,-25.274398,133.775136,"Waste, parings and scrap, of plastics",Weight in kilograms,307599,307599,325333
2018,Export,USA,37.09024,-95.712891,Nicaragua,12.865416,-85.207229,"Waste, parings and scrap, of plastics",Weight in kilograms,280135,280135,283160
2018,Import,USA,37.09024,-95.712891,Trinidad and Tobago,10.691803,-61.222503,"Waste, parings and scrap, of plastics",Weight in kilograms,253166,253166,157303
2018,Export,USA,37.09024,-95.712891,Switzerland,46.818188,8.227512,"Waste, parings and scrap, of plastics",Weight in kilograms,250513,250513,211116
2018,Import,USA,37.09024,-95.712891,Bangladesh,23.684994,90.356331,"Waste, parings and scrap, of plastics",Weight in kilograms,234240,234240,79112
2018,Export,USA,37.09024,-95.712891,South Africa,-30.559482,22.937506,"Waste, parings and scrap, of plastics",Weight in kilograms,231073,231073,110600
2018,Import,USA,37.09024,-95.712891,Ireland,53.1423672,-7.6920536,"Waste, parings and scrap, of plastics",Weight in kilograms,202166,202166,479948
2018,Export,USA,37.09024,-95.712891,Georgia,41.79443,44.76023,"Waste, parings and scrap, of plastics",Weight in kilograms,200458,200458,119332
2018,Export,USA,37.09024,-95.712891,Oman,21.4735329,55.975413,"Waste, parings and scrap, of plastics",Weight in kilograms,193221,193221,82978
2018,Import,USA,37.09024,-95.712891,Barbados,13.193887,-59.543198,"Waste, parings and scrap, of plastics",Weight in kilograms,190507,190507,137079
2018,Export,USA,37.09024,-95.712891,Myanmar,21.916221,95.955974,"Waste, parings and scrap, of plastics",Weight in kilograms,186359,186359,65928
2018,Import,USA,37.09024,-95.712891,Belize,17.189877,-88.49765,"Waste, parings and scrap, of plastics",Weight in kilograms,177249,177249,210560
2018,Import,USA,37.09024,-95.712891,Estonia,58.595272,25.0136071,"Waste, parings and scrap, of plastics",Weight in kilograms,160866,160866,66076
2018,Export,USA,37.09024,-95.712891,Austria,47.516231,14.550072,"Waste, parings and scrap, of plastics",Weight in kilograms,158720,158720,83642
2018,Import,USA,37.09024,-95.712891,Lithuania,55.169438,23.881275,"Waste, parings and scrap, of plastics",Weight in kilograms,157318,157318,345138
2018,Export,USA,37.09024,-95.712891,Greece,39.074208,21.824312,"Waste, parings and scrap, of plastics",Weight in kilograms,154830,154830,75891
2018,Import,USA,37.09024,-95.712891,Cayman Isds,19.3133,-81.2546,"Waste, parings and scrap, of plastics",Weight in kilograms,139199,139199,77566
2018,Import,USA,37.09024,-95.712891,Bolivia (Plurinational State of),-16.290154,-63.588653,"Waste, parings and scrap, of plastics",Weight in kilograms,137930,137930,115884
2018,Export,USA,37.09024,-95.712891,Morocco,31.791702,-7.09262,"Waste, parings and scrap, of plastics",Weight in kilograms,136855,136855,58020
2018,Import,USA,37.09024,-95.712891,Turkey,38.963745,35.243322,"Waste, parings and scrap, of plastics",Weight in kilograms,134746,134746,49489
2018,Export,USA,37.09024,-95.712891,Tunisia,33.886917,9.537499,"Waste, parings and scrap, of plastics",Weight in kilograms,124483,124483,36643
2018,Import,USA,37.09024,-95.712891,Ukraine,48.379433,31.1655799,"Waste, parings and scrap, of plastics",Weight in kilograms,116985,116985,101168
2018,Export,USA,37.09024,-95.712891,Latvia,56.879635,24.603189,"Waste, parings and scrap, of plastics",Weight in kilograms,100842,100842,12101
2018,Import,USA,37.09024,-95.712891,"China, Hong Kong SAR",22.3193039,114.169361,"Waste, parings and scrap, of plastics",Weight in kilograms,100350,100350,116055
2018,Export,USA,37.09024,-95.712891,Uruguay,-32.522779,-55.765835,"Waste, parings and scrap, of plastics",Weight in kilograms,100000,100000,104200
2018,Export,USA,37.09024,-95.712891,Venezuela,6.42375,-66.58973,"Waste, parings and scrap, of plastics",Weight in kilograms,88296,88296,32054
2018,Export,USA,37.09024,-95.712891,Lebanon,33.854721,35.862285,"Waste, parings and scrap, of plastics",Weight in kilograms,82960,82960,48000
2018,Export,USA,37.09024,-95.712891,Bermuda,32.3078,-64.7505,"Waste, parings and scrap, of plastics",Weight in kilograms,82288,82288,70822
2018,Import,USA,37.09024,-95.712891,Switzerland,46.818188,8.227512,"Waste, parings and scrap, of plastics",Weight in kilograms,80274,80274,55195
2018,Export,USA,37.09024,-95.712891,Ukraine,48.379433,31.1655799,"Waste, parings and scrap, of plastics",Weight in kilograms,78940,78940,41470
2018,Re-Export,USA,37.09024,-95.712891,Thailand,15.870032,100.992541,"Waste, parings and scrap, of plastics",Weight in kilograms,76508,76508,16500
2018,Import,USA,37.09024,-95.712891,Jamaica,18.109581,-77.297508,"Waste, parings and scrap, of plastics",Weight in kilograms,75334,75334,61934
2018,Re-Export,USA,37.09024,-95.712891,United Arab Emirates,23.424076,53.847818,"Waste, parings and scrap, of plastics",Weight in kilograms,72864,72864,52097
2018,Import,USA,37.09024,-95.712891,New Zealand,-40.900557,174.885971,"Waste, parings and scrap, of plastics",Weight in kilograms,65167,65167,133806
2018,Import,USA,37.09024,-95.712891,Oman,21.4735329,55.975413,"Waste, parings and scrap, of plastics",Weight in kilograms,63472,63472,52750
2018,Export,USA,37.09024,-95.712891,Kenya,-0.023559,37.906193,"Waste, parings and scrap, of plastics",Weight in kilograms,57153,57153,8820
2018,Import,USA,37.09024,-95.712891,Nauru,-0.522778,166.931503,"Waste, parings and scrap, of plastics",Weight in kilograms,56720,56720,113440
2018,Export,USA,37.09024,-95.712891,Poland,51.919438,19.145136,"Waste, parings and scrap, of plastics",Weight in kilograms,50223,50223,12901
2018,Import,USA,37.09024,-95.712891,Romania,45.943161,24.96676,"Waste, parings and scrap, of plastics",Weight in kilograms,49272,49272,18291
2018,Export,USA,37.09024,-95.712891,Bahamas,25.03428,-77.39628,"Waste, parings and scrap, of plastics",Weight in kilograms,45550,45550,13099
2018,Import,USA,37.09024,-95.712891,Hungary,47.162494,19.5033041,"Waste, parings and scrap, of plastics",Weight in kilograms,40860,40860,18387
2018,Re-Export,USA,37.09024,-95.712891,Ecuador,-1.831239,-78.183406,"Waste, parings and scrap, of plastics",Weight in kilograms,40000,40000,27800
2018,Export,USA,37.09024,-95.712891,Paraguay,-23.442503,-58.443832,"Waste, parings and scrap, of plastics",Weight in kilograms,40000,40000,15980
2018,Import,USA,37.09024,-95.712891,Saint Vincent and the Grenadines,12.984305,-61.287228,"Waste, parings and scrap, of plastics",Weight in kilograms,39874,39874,21529
2018,Import,USA,37.09024,-95.712891,Slovenia,46.151241,14.995463,"Waste, parings and scrap, of plastics",Weight in kilograms,38775,38775,17286
2018,Import,USA,37.09024,-95.712891,Guyana,4.860416,-58.93018,"Waste, parings and scrap, of plastics",Weight in kilograms,38540,38540,19867
2018,Export,USA,37.09024,-95.712891,Romania,45.943161,24.96676,"Waste, parings and scrap, of plastics",Weight in kilograms,38460,38460,17307
2018,Re-Export,USA,37.09024,-95.712891,Viet Nam,14.058324,108.277199,"Waste, parings and scrap, of plastics",Weight in kilograms,38000,38000,5000
2018,Re-Export,USA,37.09024,-95.712891,Philippines,12.879721,121.774017,"Waste, parings and scrap, of plastics",Weight in kilograms,36254,36254,22674
2018,Export,USA,37.09024,-95.712891,Cayman Isds,19.3133,-81.2546,"Waste, parings and scrap, of plastics",Weight in kilograms,36010,36010,241429
2018,Export,USA,37.09024,-95.712891,Saint Lucia,13.909444,-60.978893,"Waste, parings and scrap, of plastics",Weight in kilograms,34900,34900,41516
2018,Export,USA,37.09024,-95.712891,Sri Lanka,7.873054,80.771797,"Waste, parings and scrap, of plastics",Weight in kilograms,32987,32987,16000
2018,Export,USA,37.09024,-95.712891,Sweden,60.128161,18.643501,"Waste, parings and scrap, of plastics",Weight in kilograms,32774,32774,424000
2018,Export,USA,37.09024,-95.712891,Argentina,-38.416097,-63.616672,"Waste, parings and scrap, of plastics",Weight in kilograms,31515,31515,26907
2018,Import,USA,37.09024,-95.712891,Bahamas,25.03428,-77.39628,"Waste, parings and scrap, of plastics",Weight in kilograms,27940,27940,20313
2018,Export,USA,37.09024,-95.712891,Ireland,53.1423672,-7.6920536,"Waste, parings and scrap, of plastics",Weight in kilograms,21728,21728,738469
2018,Import,USA,37.09024,-95.712891,Saudi Arabia,23.885942,45.079162,"Waste, parings and scrap, of plastics",Weight in kilograms,21400,21400,10437
2018,Export,USA,37.09024,-95.712891,Bolivia (Plurinational State of),-16.290154,-63.588653,"Waste, parings and scrap, of plastics",Weight in kilograms,20031,20031,5000
2018,Export,USA,37.09024,-95.712891,Afghanistan,33.93911,67.709953,"Waste, parings and scrap, of plastics",Weight in kilograms,20000,20000,6000
2018,Export,USA,37.09024,-95.712891,Panama,8.537981,-80.782127,"Waste, parings and scrap, of plastics",Weight in kilograms,18784,18784,35825
2018,Export,USA,37.09024,-95.712891,Jamaica,18.109581,-77.297508,"Waste, parings and scrap, of plastics",Weight in kilograms,16135,16135,123375
2018,Export,USA,37.09024,-95.712891,Algeria,28.033886,1.659626,"Waste, parings and scrap, of plastics",Weight in kilograms,16000,16000,97770
2018,Export,USA,37.09024,-95.712891,Finland,61.92411,25.7481511,"Waste, parings and scrap, of plastics",No Quantity,0,15347,6597
2018,Export,USA,37.09024,-95.712891,Mauritania,21.00789,-10.940835,"Waste, parings and scrap, of plastics",Weight in kilograms,14500,14500,6500
2018,Export,USA,37.09024,-95.712891,Yemen,15.552727,48.516388,"Waste, parings and scrap, of plastics",Weight in kilograms,14215,14215,16200
2018,Import,USA,37.09024,-95.712891,Finland,61.92411,25.7481511,"Waste, parings and scrap, of plastics",Weight in kilograms,13055,13055,40725
2018,Export,USA,37.09024,-95.712891,New Zealand,-40.900557,174.885971,"Waste, parings and scrap, of plastics",Weight in kilograms,12332,12332,37867
2018,Export,USA,37.09024,-95.712891,Saint Vincent and the Grenadines,12.984305,-61.287228,"Waste, parings and scrap, of plastics",Weight in kilograms,11993,11993,23454
2018,Re-Export,USA,37.09024,-95.712891,Netherlands,52.132633,5.291266,"Waste, parings and scrap, of plastics",Weight in kilograms,10700,10700,11721
2018,Re-Export,USA,37.09024,-95.712891,India,20.593684,78.96288,"Waste, parings and scrap, of plastics",Weight in kilograms,9506,9506,8283
2018,Import,USA,37.09024,-95.712891,Paraguay,-23.442503,-58.443832,"Waste, parings and scrap, of plastics",Weight in kilograms,9230,9230,115141
2018,Import,USA,37.09024,-95.712891,Sri Lanka,7.873054,80.771797,"Waste, parings and scrap, of plastics",Weight in kilograms,9000,9000,8500
2018,Export,USA,37.09024,-95.712891,Trinidad and Tobago,10.691803,-61.222503,"Waste, parings and scrap, of plastics",Weight in kilograms,7984,7984,15832
2018,Export,USA,37.09024,-95.712891,Saint Maarten,18.04248,-63.05483,"Waste, parings and scrap, of plastics",Weight in kilograms,5572,5572,16318
2018,Export,USA,37.09024,-95.712891,Croatia,45.1,15.2000001,"Waste, parings and scrap, of plastics",Weight in kilograms,4900,4900,32590
2018,Export,USA,37.09024,-95.712891,Denmark,56.26392,9.501785,"Waste, parings and scrap, of plastics",Weight in kilograms,4471,4471,28402
2018,Re-Export,USA,37.09024,-95.712891,Sweden,60.128161,18.643501,"Waste, parings and scrap, of plastics",Weight in kilograms,4196,4196,31607
2018,Export,USA,37.09024,-95.712891,Kuwait,29.31166,47.481766,"Waste, parings and scrap, of plastics",Weight in kilograms,2968,2968,25000
2018,Re-Export,USA,37.09024,-95.712891,Rep. of Korea,36.12529,127.66382,"Waste, parings and scrap, of plastics",Weight in kilograms,2300,2300,25504
2018,Re-Export,USA,37.09024,-95.712891,Colombia,4.570868,-74.297333,"Waste, parings and scrap, of plastics",Weight in kilograms,1299,1299,13413
2018,Re-Export,USA,37.09024,-95.712891,United Kingdom,55.378051,-3.435973,"Waste, parings and scrap, of plastics",Weight in kilograms,1279,1279,88749
2018,Export,USA,37.09024,-95.712891,Iraq,33.223191,43.679291,"Waste, parings and scrap, of plastics",Weight in kilograms,1141,1141,12772
2018,Export,USA,37.09024,-95.712891,Jordan,31.6732,36.31298,"Waste, parings and scrap, of plastics",Weight in kilograms,868,868,5831
2018,Re-Export,USA,37.09024,-95.712891,Chile,-35.675147,-71.542969,"Waste, parings and scrap, of plastics",Weight in kilograms,732,732,16597
2018,Export,USA,37.09024,-95.712891,Br. Virgin Isds,18.420695,-64.639968,"Waste, parings and scrap, of plastics",Weight in kilograms,647,647,9234
2018,Export,USA,37.09024,-95.712891,Bahrain,26.0667,50.5577,"Waste, parings and scrap, of plastics",Weight in kilograms,626,626,10424
2018,Export,USA,37.09024,-95.712891,Antigua and Barbuda,17.060816,-61.796428,"Waste, parings and scrap, of plastics",Weight in kilograms,477,477,2975
2018,Export,USA,37.09024,-95.712891,Hungary,47.162494,19.5033041,"Waste, parings and scrap, of plastics",Weight in kilograms,473,473,18939
2018,Re-Export,USA,37.09024,-95.712891,Hungary,47.162494,19.5033041,"Waste, parings and scrap, of plastics",Weight in kilograms,418,418,6713
2018,Import,USA,37.09024,-95.712891,Croatia,45.1,15.2000001,"Waste, parings and scrap, of plastics",Weight in kilograms,363,363,508
2018,Re-Export,USA,37.09024,-95.712891,Australia,-25.274398,133.775136,"Waste, parings and scrap, of plastics",Weight in kilograms,130,130,10710
2018,Import,USA,37.09024,-95.712891,Greece,39.074208,21.824312,"Waste, parings and scrap, of plastics",Weight in kilograms,42,42,1018
2018,Export,USA,37.09024,-95.712891,Qatar,25.354826,51.183884,"Waste, parings and scrap, of plastics",Weight in kilograms,17,17,3920
2018,Import,USA,37.09024,-95.712891,Norway,60.472024,8.468946,"Waste, parings and scrap, of plastics",Weight in kilograms,16,16,902